,reformer,original,lsh
0,1.6105074882507324,0.3685319423675537,0.4069974422454834
1,1.6258926391601562,0.34752917289733887,0.4032473564147949
2,1.7003986835479736,0.34769439697265625,0.39287543296813965
3,1.778132438659668,0.3877742290496826,0.4385390281677246
4,1.7629752159118652,0.5642814636230469,0.6096358299255371
